station_id,site_id,reader_type,firmware_version
CP_1001,HUB_201,reader_a,v4.3.0
CP_1002,HUB_201,reader_a,v4.1.0
CP_1003,HUB_201,reader_a,v4.1.0
CP_1004,HUB_201,reader_a,v4.1.0
CP_1005,HUB_202,reader_b,v4.1.0
CP_1006,HUB_202,reader_a,v4.2.0
CP_1007,HUB_202,reader_a,v4.2.0
CP_1008,HUB_202,reader_c,v4.2.0
CP_1009,HUB_202,reader_c,v4.2.0
CP_1010,HUB_202,reader_a,v4.1.0
CP_1011,HUB_202,reader_a,v4.2.0
CP_1012,HUB_202,reader_b,v4.1.0
CP_1013,HUB_203,reader_a,v4.1.0
CP_1014,HUB_203,reader_a,v4.2.0
CP_1015,HUB_203,reader_a,v4.3.0
CP_1016,HUB_203,reader_a,v4.1.0
CP_1017,HUB_203,reader_c,v4.2.0
CP_1018,HUB_203,reader_c,v4.2.0
CP_1019,HUB_204,reader_a,v4.1.0
CP_1020,HUB_204,reader_b,v4.1.0
CP_1021,HUB_204,reader_a,v4.3.0
CP_1022,HUB_204,reader_a,v4.2.0
CP_1023,HUB_205,reader_a,v4.1.0
CP_1024,HUB_205,reader_b,v4.3.0
CP_1025,HUB_205,reader_c,v4.1.0
CP_1026,HUB_205,reader_b,v4.3.0
CP_1027,HUB_205,reader_c,v4.1.0
CP_1028,HUB_205,reader_c,v4.2.0
CP_1029,HUB_205,reader_a,v4.1.0
CP_1030,HUB_205,reader_b,v4.2.0
CP_1031,HUB_206,reader_b,v4.1.0
CP_1032,HUB_206,reader_c,v4.1.0
CP_1033,HUB_206,reader_c,v4.2.0
CP_1034,HUB_206,reader_a,v4.1.0
CP_1035,HUB_207,reader_a,v4.3.0
CP_1036,HUB_207,reader_c,v4.3.0
CP_1037,HUB_207,reader_c,v4.1.0
CP_1038,HUB_207,reader_a,v4.1.0
CP_1039,HUB_207,reader_a,v4.1.0
CP_1040,HUB_207,reader_c,v4.1.0
CP_1041,HUB_207,reader_c,v4.2.0
CP_1042,HUB_207,reader_c,v4.1.0
CP_1043,HUB_208,reader_a,v4.1.0
CP_1044,HUB_208,reader_a,v4.1.0
CP_1045,HUB_208,reader_b,v4.1.0
CP_1046,HUB_208,reader_c,v4.3.0
CP_1047,HUB_209,reader_c,v4.2.0
CP_1048,HUB_209,reader_a,v4.1.0
CP_1049,HUB_209,reader_a,v4.3.0
CP_1050,HUB_209,reader_c,v4.2.0
CP_1051,HUB_209,reader_a,v4.1.0
CP_1052,HUB_209,reader_b,v4.2.0
CP_1053,HUB_210,reader_a,v4.1.0
CP_1054,HUB_210,reader_b,v4.2.0
CP_1055,HUB_210,reader_a,v4.1.0
CP_1056,HUB_210,reader_a,v4.1.0
CP_1057,HUB_211,reader_a,v4.1.0
CP_1058,HUB_211,reader_c,v4.3.0
CP_1059,HUB_211,reader_a,v4.1.0
CP_1060,HUB_211,reader_b,v4.1.0
CP_1061,HUB_211,reader_b,v4.2.0
CP_1062,HUB_211,reader_b,v4.1.0
CP_1063,HUB_211,reader_a,v4.2.0
CP_1064,HUB_211,reader_c,v4.2.0
CP_1065,HUB_212,reader_a,v4.3.0
CP_1066,HUB_212,reader_b,v4.1.0
CP_1067,HUB_212,reader_c,v4.2.0
CP_1068,HUB_212,reader_b,v4.2.0
CP_1069,HUB_212,reader_b,v4.3.0
CP_1070,HUB_212,reader_b,v4.2.0
CP_1071,HUB_212,reader_b,v4.3.0
CP_1072,HUB_212,reader_a,v4.3.0
CP_1073,HUB_213,reader_a,v4.2.0
CP_1074,HUB_213,reader_c,v4.2.0
CP_1075,HUB_213,reader_c,v4.3.0
CP_1076,HUB_213,reader_b,v4.2.0
CP_1077,HUB_213,reader_c,v4.2.0
CP_1078,HUB_213,reader_b,v4.3.0
CP_1079,HUB_214,reader_c,v4.2.0
CP_1080,HUB_214,reader_b,v4.3.0
CP_1081,HUB_214,reader_c,v4.3.0
CP_1082,HUB_214,reader_c,v4.2.0
CP_1083,HUB_214,reader_a,v4.2.0
CP_1084,HUB_214,reader_a,v4.2.0
CP_1085,HUB_215,reader_a,v4.3.0
CP_1086,HUB_215,reader_b,v4.1.0
CP_1087,HUB_215,reader_a,v4.3.0
CP_1088,HUB_215,reader_b,v4.2.0
CP_1089,HUB_215,reader_c,v4.2.0
CP_1090,HUB_215,reader_b,v4.1.0
CP_1091,HUB_216,reader_c,v4.3.0
CP_1092,HUB_216,reader_a,v4.1.0
CP_1093,HUB_216,reader_a,v4.1.0
CP_1094,HUB_216,reader_a,v4.1.0
CP_1095,HUB_217,reader_c,v4.1.0
CP_1096,HUB_217,reader_c,v4.1.0
CP_1097,HUB_217,reader_c,v4.1.0
CP_1098,HUB_217,reader_b,v4.2.0
CP_1099,HUB_217,reader_b,v4.1.0
CP_1100,HUB_217,reader_a,v4.3.0
CP_1101,HUB_217,reader_b,v4.1.0
CP_1102,HUB_217,reader_c,v4.2.0
CP_1103,HUB_218,reader_a,v4.1.0
CP_1104,HUB_218,reader_a,v4.2.0
CP_1105,HUB_218,reader_a,v4.2.0
CP_1106,HUB_218,reader_c,v4.3.0
CP_1107,HUB_218,reader_a,v4.1.0
CP_1108,HUB_218,reader_b,v4.3.0
